,id,leaderboard_18_1_reps,leaderboard_18_2_time_secs,leaderboard_18_2a_weight_lbs,leaderboard_18_3_time_secs,leaderboard_18_4_time_secs,leaderboard_18_5_reps,height_in,weight_lbs,back_squat_lbs,clean_and_jerk_lbs,snatch_lbs,deadlift_lbs,max_pull_ups,fran_time_secs,grace_time_secs,helen_time_secs,filthy_50_time_secs,sprint_400_m_time_secs,run_5_km_time_secs
0,86,328,651,207,1373,637,77,77,225,335,265,210,415,32,226,174,496,1287,64,1325
1,93,309,480,235,1548,642,94,72,205,305,235,185,355,45,220,154,493,1500,62,1239
2,1636,402,316,260,1148,577,123,70,200,400,285,215,485,67,138,108,429,1056,58,1219
3,1662,338,497,235,1333,624,105,70,187,370,245,170,505,40,187,146,493,1217,73,1186
4,1665,400,518,275,1304,-1,-1,76,205,395,305,235,495,50,158,115,439,1128,54,1125
5,1873,386,377,296,1119,575,110,69,185,435,325,240,495,47,160,145,493,1051,67,1285
6,1958,234,636,185,1402,645,83,70,180,325,210,155,425,30,301,273,750,1473,58,1485
7,1974,339,296,297,1100,586,131,65,179,473,341,280,475,50,147,126,511,1231,67,1268
8,2073,256,622,198,1314,-1,86,70,168,297,220,165,407,50,200,180,484,1080,60,1080
9,2220,410,305,355,1082,536,161,69,205,528,352,297,506,60,128,80,475,1278,62,1232
10,2223,366,371,308,1245,684,1,70,202,465,283,235,535,56,149,134,514,1456,70,1404
11,2246,290,493,255,-1,-1,-1,74,220,425,265,220,495,40,192,125,545,1122,66,1180
12,2349,32,595,255,1316,620,88,75,218,415,290,225,475,43,228,137,587,1379,89,1289
13,2539,328,395,243,1146,700,103,69,165,352,253,194,352,49,204,195,529,1409,57,1337
14,2573,314,394,240,1316,623,89,68,165,350,222,185,415,35,305,163,544,1629,74,1280
15,2649,259,408,226,1543,641,55,73,195,365,225,165,385,32,219,199,460,1222,50,1145
16,2808,351,476,286,1305,590,116,72,207,341,275,238,539,56,154,103,479,1176,60,1260
17,2896,306,386,275,1311,601,103,71,200,410,305,243,450,45,175,116,435,1081,48,975
18,2956,335,462,232,1257,594,104,70,176,352,253,180,440,48,199,151,499,1398,58,1428
19,3000,337,344,304,1078,580,133,69,188,505,335,255,565,61,134,90,422,1008,65,1097
20,3086,311,451,245,1543,638,92,70,208,359,297,231,462,40,181,121,506,1361,80,1348
21,3354,303,526,200,1373,639,103,75,175,305,225,185,395,50,237,202,460,1343,79,1080
22,3419,256,558,225,1548,620,84,70,173,320,210,145,395,20,339,283,752,1949,89,1380
23,3583,267,668,225,1420,671,70,77,225,280,235,195,415,30,345,160,581,1850,81,1487
24,3609,385,321,286,1058,564,129,72,183,374,277,220,440,46,150,144,449,1074,62,1160
25,3805,324,351,280,1543,603,105,67,190,430,285,200,460,52,142,143,542,1475,63,1283
26,3855,374,365,270,1174,587,127,67,169,385,255,195,465,50,149,150,439,1589,65,1031
27,4068,370,407,270,1199,576,133,67,183,385,300,205,385,50,148,135,520,1536,68,1318
28,4105,346,396,230,1325,624,100,68,180,350,275,200,405,50,165,180,465,1200,64,1256
29,4129,305,505,270,1548,616,83,71,209,352,275,209,429,33,224,134,504,1395,59,1178
30,4158,392,303,280,1077,568,142,72,190,450,297,255,490,45,150,103,414,1028,56,1091
31,4231,306,495,312,1544,622,108,71,222,400,300,226,475,25,258,114,594,1585,69,1440
32,4407,357,387,280,1138,587,115,73,215,425,285,235,500,42,178,118,485,1277,63,1123
33,4499,356,342,271,1438,621,118,72,205,407,264,209,462,47,150,140,469,1076,57,1069
34,4620,273,543,308,1538,642,87,74,235,445,315,225,545,40,203,119,542,1470,90,1590
35,4645,348,361,277,1239,592,130,66,165,385,270,215,465,67,131,128,445,1130,67,1335
36,4842,407,358,307,1113,551,157,72,205,465,365,275,550,60,141,83,467,1139,68,1320
37,4880,393,279,276,1106,555,148,69,178,425,315,235,500,56,152,115,417,971,58,1168
38,5003,326,458,265,1154,577,108,75,215,345,275,200,525,44,185,126,484,1138,58,1151
39,5133,256,495,290,1548,606,85,70,205,415,275,230,465,40,170,116,553,1716,70,1260
40,5223,299,509,254,-1,612,-1,72,190,330,242,165,451,48,201,136,516,1740,75,1305
41,5229,374,378,287,1076,572,131,70,182,392,317,251,528,64,160,114,465,1500,64,1500
42,5238,321,460,269,1288,605,104,71,185,330,264,209,396,35,255,150,583,2040,64,1200
43,5287,363,453,265,1267,596,112,6,195,370,285,235,500,37,203,112,456,1254,67,1221
44,5300,373,362,277,1073,560,-1,67,175,450,295,240,525,66,146,125,458,1123,58,1230
45,5343,227,691,201,1544,673,71,72,205,343,242,167,495,34,285,230,650,1822,58,1514
46,5378,304,497,215,1546,680,107,75,225,380,250,185,475,30,257,138,521,1254,62,1250
47,5405,288,556,225,1386,599,103,70,165,320,250,165,445,35,200,300,570,1740,90,1200
48,5424,268,575,177,1417,629,83,70,159,253,213,176,319,35,289,311,688,1741,65,1366
49,5443,344,363,257,1199,573,130,62,145,420,270,205,475,63,177,153,489,1375,75,1290
50,5457,-1,417,245,1085,593,115,64,140,405,275,190,455,45,172,169,494,1250,62,1141
51,5674,305,611,267,1285,622,90,69,185,375,285,230,475,50,164,160,441,1228,63,1331
52,5836,389,325,285,1079,553,142,69,155,415,315,258,455,60,130,112,456,932,59,1041
53,5869,310,413,210,1407,623,102,69,170,312,198,143,374,40,191,197,487,1289,69,1393
54,5947,315,399,303,1216,593,126,65,170,395,310,256,455,45,133,166,444,1098,66,1340
55,5961,307,506,305,1208,592,113,68,180,430,305,245,455,55,141,119,467,1318,63,1377
56,6151,424,298,325,1077,550,147,69,181,495,341,290,495,70,122,94,455,952,55,1185
57,6279,357,403,278,1308,594,125,74,245,485,275,225,615,37,163,91,550,1215,64,1440
58,6334,384,323,310,1294,-1,-1,67,173,400,305,225,455,55,147,113,487,1129,71,1097
59,6467,295,509,250,1374,645,100,72,220,375,275,225,425,40,169,120,495,1415,64,1170
60,6572,420,281,312,1074,549,152,67,165,455,325,255,505,107,131,105,433,972,63,1230
61,6593,313,508,225,1315,636,100,70,203,315,215,175,365,12,271,212,590,1950,76,1116
62,6740,285,533,270,1313,619,98,69,198,405,285,210,420,46,191,119,509,1224,62,1224
63,7117,301,451,227,1262,613,110,71,168,300,230,175,385,45,182,185,465,1200,65,1210
64,7534,200,664,252,1315,622,81,69,193,415,305,265,485,50,195,157,498,1166,64,1283
65,7571,325,358,239,1172,584,126,66,150,352,253,194,440,60,142,120,470,1080,60,1230
66,7583,299,565,242,1304,622,97,69,165,347,255,190,455,55,206,251,506,1605,73,1279
67,7638,265,680,185,1393,684,70,74,210,325,221,198,445,38,209,228,502,1301,65,1279
68,7889,279,485,264,1314,600,89,67,192,341,264,198,480,37,179,111,563,1375,72,2135
69,8428,303,467,254,1201,602,102,70,175,297,225,193,405,40,236,173,572,1489,58,1560
70,8496,417,340,307,1298,562,136,69,190,410,315,255,500,58,150,110,470,1137,64,1111
71,8832,338,361,256,1193,593,126,69,185,374,275,220,440,35,158,131,475,1061,64,1285
72,8851,395,333,267,1668,559,126,69,187,374,297,198,475,60,137,118,419,947,66,1219
73,8913,372,336,307,1108,560,128,67,200,455,320,235,535,36,184,126,514,1430,75,1475
74,8975,271,608,257,1431,612,93,75,225,365,285,210,445,40,227,122,590,1694,90,1514
75,9106,396,378,275,1124,579,123,72,195,340,295,245,440,60,179,131,405,1146,52,1140
76,9158,313,455,285,-1,637,-1,72,205,375,305,230,515,41,165,96,534,1408,62,1369
77,9193,367,342,295,1199,554,135,68,195,430,325,260,465,50,141,102,495,1089,65,1316
78,9217,419,326,287,1093,569,146,71,205,450,325,287,500,65,135,105,451,975,61,1245
79,9405,415,328,286,1074,555,143,69,175,405,286,230,455,55,145,142,458,1062,64,1232
80,9746,359,387,291,1146,578,124,69,187,367,308,257,407,42,153,123,485,1455,61,1251
81,9799,331,466,327,1261,-1,-1,71,197,390,330,260,475,50,144,108,454,1103,56,1150
82,9858,266,470,245,1548,634,81,70,210,385,245,185,435,21,286,172,559,1797,78,1384
83,9906,239,609,227,1548,-1,-1,69,220,325,245,155,395,35,237,225,485,1210,64,1228
84,10281,315,467,258,1305,603,103,71,175,330,265,210,460,58,179,137,491,1259,63,1368
85,10307,402,359,254,1074,612,126,75,200,355,285,215,400,67,122,84,415,1080,57,1100
86,10332,426,331,267,1082,590,140,74,195,405,305,225,500,71,149,92,412,892,51,1066
87,10544,326,581,237,1492,623,93,71,210,297,231,198,374,31,299,230,604,1776,75,1320
88,10605,224,681,215,1544,675,74,74,222,375,295,215,465,40,255,113,525,930,58,1260
89,10858,328,501,234,1203,-1,-1,74,190,319,235,176,418,40,276,152,461,1280,51,1054
90,10926,324,428,266,1237,600,115,75,191,335,275,190,405,38,227,193,496,1127,60,1178
91,11066,404,317,277,1073,557,147,69,175,374,279,198,506,57,156,111,416,878,58,1068
92,11126,243,580,265,1408,634,85,66,205,405,260,205,455,42,177,174,572,1590,66,1398
93,11224,285,503,211,1304,607,93,71,179,308,216,176,449,42,276,274,630,1705,73,1287
94,11549,345,456,296,1547,670,112,70,237,515,305,225,615,40,213,99,515,1494,58,1377
95,11586,446,273,267,980,563,143,74,200,385,295,250,435,55,141,97,419,1049,58,1074
96,11623,367,349,245,1264,596,108,71,191,435,295,225,505,62,139,125,457,1065,58,1219
97,11826,388,295,297,1081,552,147,72,209,475,350,300,575,50,138,101,436,875,65,1118
98,12084,352,423,250,1204,615,105,69,175,355,265,200,455,50,218,120,490,1194,105,1294
99,12242,378,358,267,1223,594,142,68,177,490,290,225,535,61,122,95,511,1102,58,1232
100,12306,387,417,333,1304,579,121,70,203,500,335,265,515,30,158,97,498,1319,65,1532
101,12318,366,292,236,1269,583,137,67,168,330,265,235,405,78,136,164,457,1131,64,1151
102,12329,258,632,245,1326,643,75,72,205,315,235,195,435,35,316,117,944,1583,68,1425
103,12544,328,477,264,1306,-1,-1,72,195,405,285,236,505,54,191,108,469,1073,58,1120
104,12908,370,368,267,1190,592,121,69,190,405,277,205,425,40,186,115,506,1306,64,1480
105,13006,325,392,250,1311,592,112,71,180,405,275,185,450,40,165,280,608,945,90,1290
106,13060,334,469,302,1200,603,101,69,185,455,305,255,525,63,129,95,437,1077,59,1290
107,13110,356,381,300,1307,572,124,67,185,460,285,225,525,40,225,153,469,1209,57,1380
108,13573,370,328,248,1201,593,114,73,192,385,285,205,485,45,152,109,454,1169,59,1140
109,13909,220,567,195,1383,633,84,67,169,308,215,165,330,40,297,285,530,1620,74,1500
110,14924,356,319,280,1199,581,137,68,185,455,290,225,485,42,168,120,528,1253,60,1188
111,15237,303,463,265,1312,640,102,76,225,385,265,215,475,36,210,152,573,1512,75,1405
112,16443,352,387,291,1094,572,126,70,176,405,275,220,495,60,134,104,462,1132,60,1181
113,16495,329,364,255,1199,620,127,67,155,380,250,205,465,60,120,118,461,1133,64,1103
114,16507,344,335,239,1229,592,112,66,159,350,225,187,400,40,188,175,468,1154,59,1150
115,16649,303,413,215,1222,613,98,69,160,300,235,190,380,52,225,148,495,1057,62,1131
116,16699,333,401,278,1258,592,106,69,180,420,295,225,505,54,154,146,534,1494,60,1409
117,16869,402,330,312,1071,563,138,73,202,450,315,260,505,56,166,99,471,997,58,1335
118,16993,322,385,247,1196,603,131,69,170,375,265,215,415,51,138,133,511,1327,59,1240
119,17086,294,541,225,1379,594,109,70,190,410,265,205,500,37,152,136,500,1152,78,1435
120,17258,338,354,265,1101,573,135,67,176,396,286,220,539,75,153,144,480,1212,67,1256
121,17576,311,553,225,1242,608,-1,71,175,325,255,200,455,50,240,238,540,1350,65,1380
122,17583,307,380,265,1357,591,122,71,194,385,275,215,420,34,210,139,764,1218,98,1634
123,17606,368,469,242,1161,-1,-1,70,183,425,275,225,505,55,147,101,417,1057,58,1100
124,17742,370,347,227,1254,608,120,70,185,405,265,195,475,45,160,118,452,1094,69,1239
125,17941,352,547,267,1517,606,109,70,185,355,255,205,415,60,219,144,526,1826,70,1440
126,17977,395,343,238,1261,594,138,68,180,400,255,185,535,53,127,88,476,1706,72,1339
127,18006,414,342,319,1074,551,154,72,205,455,340,262,555,55,133,113,480,1200,60,1200
128,18201,1,416,285,-1,-1,-1,70,190,411,300,230,465,53,150,107,410,1275,58,1162
129,18276,301,445,266,1244,599,-1,69,174,405,285,230,465,40,167,132,518,1301,64,1551
130,18285,228,599,205,1351,623,82,70,195,320,245,195,455,40,201,177,565,1400,70,1170
131,18684,290,492,275,1314,588,104,69,205,425,285,215,485,45,158,162,519,1653,60,1400
132,19485,328,392,206,1303,615,105,68,170,355,240,185,425,50,161,234,451,1118,58,1121
133,19900,291,528,245,-1,-1,-1,72,200,385,264,190,445,27,339,178,588,1518,61,1276
134,20073,429,424,330,1767,704,1,75,229,396,319,253,550,40,180,103,448,1129,60,1170
135,20349,336,367,229,1310,600,113,68,168,297,209,165,440,50,177,200,459,1109,65,1260
136,20354,345,392,247,1279,606,111,70,184,315,255,215,425,40,238,160,420,1164,58,1140
137,21003,416,281,305,1075,537,173,70,190,385,285,235,425,55,143,126,394,800,55,1100
138,21553,327,510,252,1316,595,95,73,215,365,275,225,500,44,170,112,458,1162,59,1271
139,21947,299,353,237,1219,605,118,64,164,370,235,185,420,68,152,190,458,1078,55,1073
140,22026,370,341,300,1077,559,137,69,183,400,290,255,475,60,167,86,449,1026,63,1298
141,22538,306,459,205,1305,620,107,69,157,300,215,145,380,41,300,202,615,1771,73,1310
142,22661,291,566,235,-1,-1,-1,6,197,260,220,165,395,35,191,152,488,1248,63,1215
143,22883,326,444,206,1404,634,99,69,175,265,190,150,375,27,289,283,503,1294,64,1150
144,22885,325,366,262,1244,588,128,67,181,405,295,225,485,79,137,124,492,1180,58,1217
145,23030,261,466,225,1312,663,91,72,175,345,225,165,475,28,182,240,508,1099,60,1260
146,23253,306,383,252,1114,602,110,73,169,305,220,180,460,51,198,161,508,1056,64,1159
147,23447,277,517,235,1306,704,108,71,180,385,287,217,435,55,154,102,482,1187,68,1210
148,24354,294,549,285,1445,643,93,72,227,460,330,279,545,25,277,104,575,1508,70,1316
149,24366,338,355,205,1200,593,110,65,143,295,210,165,365,33,232,312,525,1196,66,1167
150,24599,289,441,228,1315,640,82,72,190,380,245,185,440,65,191,147,572,1280,49,1050
151,24613,306,480,230,1542,642,95,73,187,300,215,155,455,50,246,171,533,1614,65,1112
152,24981,320,400,285,1078,584,126,68,175,375,275,210,485,50,227,142,544,1674,50,1170
153,25215,297,578,235,1313,621,86,74,210,435,230,185,525,30,179,94,507,1174,62,1370
154,25471,341,448,227,1204,594,110,70,180,360,245,185,500,53,164,121,477,1179,74,1212
155,25917,354,386,292,1204,593,130,68,185,435,275,240,525,54,129,99,510,1257,63,1440
156,26200,306,529,265,1333,665,104,67,216,506,264,213,572,52,200,174,528,1157,72,1193
157,26237,368,362,279,1198,593,118,72,190,405,285,235,425,42,184,115,495,1496,70,1221
158,26515,365,456,283,1313,618,126,71,220,405,295,235,560,65,150,115,485,1260,61,1244
159,26586,379,400,248,1261,563,113,69,176,352,253,205,440,50,177,160,444,1044,59,1137
160,26756,368,327,290,1135,564,125,69,183,445,295,245,515,51,159,110,505,1095,120,1260
161,27065,360,313,290,932,555,144,65,143,400,290,235,440,106,128,117,416,798,63,1172
162,27522,410,322,277,1090,593,149,71,194,415,275,205,485,50,136,93,426,1020,49,870
163,27662,321,536,275,1315,610,103,72,199,425,275,205,455,41,193,146,538,2079,55,1161
164,28443,282,483,315,1365,609,96,69,220,445,335,225,525,31,279,92,758,1453,70,1628
165,28501,329,519,287,1317,593,102,71,210,395,308,240,495,37,197,112,477,1389,68,1311
166,28689,325,457,265,1351,621,98,75,220,395,295,230,455,30,218,117,422,1270,81,1352
167,28812,330,526,237,1428,670,94,71,205,350,235,190,405,27,225,182,640,1508,79,1620
168,29252,367,310,289,1217,574,112,72,201,440,304,264,491,46,152,98,469,1067,168,1310
169,30180,399,335,325,1103,548,158,67,192,450,345,275,475,63,132,83,460,1053,62,1273
170,30310,295,436,265,1308,606,98,70,193,405,300,250,485,64,128,122,478,1117,58,1213
171,31188,338,460,232,1228,607,99,73,205,340,260,200,415,30,239,142,490,1282,71,1175
172,31631,343,434,287,1292,588,101,70,185,415,305,225,485,47,198,129,481,1050,74,1222
173,31660,397,312,321,1084,563,136,70,202,475,350,280,500,53,133,79,439,1049,50,1225
174,31869,274,471,287,1468,620,90,72,223,430,293,242,450,41,226,93,596,1946,63,1759
175,32245,388,345,307,1066,563,142,68,180,405,315,265,475,72,145,157,418,956,58,1058
176,33079,390,340,289,1163,580,137,69,187,363,253,183,506,67,156,150,600,1080,140,1200
177,33216,291,528,226,1313,640,93,74,215,350,285,216,410,44,194,109,473,1194,63,1360
178,33241,314,519,229,1548,642,82,75,215,365,255,175,500,30,255,149,591,1548,59,1235
179,33457,320,528,306,1254,605,106,71,209,385,310,230,515,42,171,127,495,1635,69,1241
180,33625,398,450,311,1196,619,120,72,212,396,275,220,506,50,141,112,448,1047,58,1135
181,33948,221,707,157,1540,637,81,68,162,325,230,175,365,40,355,283,608,1480,70,1440
182,34708,341,390,226,1312,642,111,69,191,350,225,135,475,40,225,125,495,1260,76,1299
183,35012,429,299,308,1109,564,141,70,195,445,307,255,535,72,132,78,433,1010,65,1207
184,35407,356,396,227,1239,578,120,70,190,425,315,280,605,55,144,99,462,1045,60,1270
185,35683,335,393,260,1204,594,108,72,190,360,265,190,500,45,170,150,465,1221,57,1171
186,35766,307,506,215,1541,672,94,72,200,340,245,185,385,31,294,211,578,1959,70,1439
187,35874,353,395,287,1274,601,126,70,192,407,264,220,510,30,193,132,540,1312,76,1187
188,36355,397,357,261,1084,582,136,69,182,390,280,220,415,50,172,142,448,1125,65,1130
189,36494,330,425,277,1304,611,105,72,185,340,255,205,455,50,187,129,490,1188,59,1240
190,36588,334,402,267,1197,584,122,68,157,365,250,200,462,60,149,181,467,1095,63,1020
191,36803,299,486,225,-1,610,95,71,178,365,265,225,375,52,186,160,537,1378,76,1497
192,37101,352,400,272,1344,606,107,73,190,375,265,225,425,52,208,135,484,1440,68,1302
193,37519,434,413,298,1186,605,-1,73,198,396,275,231,506,50,153,134,446,1140,60,1365
194,37742,390,337,265,1099,576,131,72,200,375,275,225,465,48,155,112,459,1096,58,1326
195,38223,353,385,275,1149,616,119,72,203,374,275,187,484,35,145,155,420,1020,68,1210
196,38781,390,318,300,1184,562,139,72,208,425,315,255,475,50,135,94,455,986,57,1260
197,39021,288,446,237,1375,-1,-1,60,175,335,215,170,445,75,223,225,514,954,65,1440
198,39547,384,321,243,1202,583,113,70,195,385,275,216,425,40,180,96,492,1478,67,1327
199,39995,378,458,287,1185,635,1,76,220,440,308,238,506,50,203,109,522,1253,61,1284
200,40470,301,436,211,1548,598,99,68,170,275,200,140,375,18,238,180,578,1694,91,1495
201,40808,189,711,175,1548,683,78,68,193,315,205,155,375,30,295,264,650,1776,98,1590
202,42024,340,323,210,1077,609,137,-1,159,297,194,132,385,47,234,217,493,1976,78,1061
203,42059,367,421,257,1202,607,97,71,185,365,285,195,465,47,186,180,494,1188,57,1176
204,42521,306,396,238,1249,584,124,63,145,375,275,205,405,80,136,135,456,882,59,1226
205,43310,352,280,243,1203,572,-1,63,164,458,330,274,515,72,119,102,418,758,53,1170
206,44131,296,510,200,1263,609,85,66,150,235,200,165,355,52,330,233,528,1653,60,1320
207,44200,357,409,240,1184,597,111,73,195,370,255,210,415,42,165,123,455,1293,58,1304
208,44348,274,421,195,1411,615,93,68,152,255,175,145,295,41,366,431,625,1622,81,1284
209,45967,266,585,210,1425,610,90,71,185,360,275,215,410,45,278,136,551,1151,63,1166
210,46231,304,469,280,1260,635,113,69,183,410,265,215,440,35,210,150,531,1505,79,1234
211,46684,279,548,195,1321,664,100,70,170,250,200,165,340,50,230,261,521,1451,66,1360
212,47657,340,430,252,1212,598,98,70,180,335,265,195,420,40,251,140,476,1313,59,1271
213,47731,274,509,185,1320,612,96,67,157,305,220,180,385,33,290,412,570,1766,64,1383
214,48418,328,468,230,-1,594,-1,76,210,350,265,200,500,41,255,125,525,1161,56,1267
215,50251,328,422,205,1270,704,1,68,175,315,225,176,405,33,262,163,622,1789,74,1380
216,50334,297,466,185,1315,624,90,68,185,335,225,150,415,43,231,227,476,1338,60,1263
217,50347,335,400,296,1268,582,127,73,223,420,326,271,490,36,146,100,525,1398,68,1474
218,51041,405,400,325,1080,550,-1,73,235,440,330,297,528,60,145,85,420,1080,60,1200
219,51066,256,680,245,1511,639,74,71,233,435,305,200,505,24,271,158,650,1759,76,1538
220,51879,296,529,305,1380,602,100,74,225,400,297,218,445,31,191,87,537,1857,71,1321
221,51992,405,341,325,1088,568,137,72,214,520,335,275,615,55,146,86,482,1107,62,1247
222,52075,338,459,267,1266,602,104,76,201,405,265,210,475,50,195,135,490,1560,47,1265
223,52740,306,428,245,1255,637,100,71,185,325,235,185,375,36,224,148,523,1557,72,1177
224,53236,353,415,328,1206,594,119,71,209,420,295,232,520,45,179,105,440,1105,60,1140
225,54233,336,452,233,1541,672,92,77,220,308,198,158,418,20,343,290,764,1964,74,1380
226,55601,247,520,257,1469,643,93,70,210,405,265,175,435,26,344,161,635,1764,60,1430
227,58879,403,347,315,1186,572,132,76,235,450,340,270,545,40,150,83,465,1582,55,1136
228,59774,331,463,243,1312,600,108,67,147,335,215,155,405,40,180,197,527,1185,52,1200
229,60290,285,468,267,-1,581,97,65,154,352,279,198,453,58,225,185,537,1144,55,1092
230,60346,313,379,240,1292,608,108,65,155,365,225,175,385,52,169,252,486,1397,58,1143
231,60413,274,567,225,1373,605,101,67,165,265,225,170,375,37,205,291,561,1418,63,1398
232,60547,320,569,277,1311,628,103,72,196,400,280,225,500,36,211,133,587,1414,62,1471
233,60561,350,436,235,1307,621,103,70,180,341,215,175,385,45,190,194,571,1565,78,1090
234,61901,288,410,265,1310,603,103,68,185,395,245,185,395,20,421,300,660,1964,85,1380
235,63435,316,458,205,-1,-1,98,72,175,315,237,195,405,52,188,162,475,1181,63,1214
236,63979,258,544,195,1544,-1,-1,75,208,385,275,215,415,34,245,195,529,1444,68,1653
237,64501,424,375,277,1082,577,116,75,220,328,255,207,451,30,240,169,490,1260,65,1165
238,66862,338,464,247,1080,594,111,73,175,305,265,215,418,50,227,137,540,1263,66,1524
239,69843,232,635,199,1539,667,63,67,183,396,246,209,451,16,227,167,566,1585,90,1950
240,69927,329,534,242,1221,601,104,72,193,310,255,188,435,32,299,124,592,1534,57,1339
241,70477,256,630,175,1547,673,78,77,195,265,205,155,315,30,372,358,819,1602,76,1320
242,71780,352,438,317,1314,606,112,69,202,465,305,260,475,20,159,114,530,1142,62,1320
243,71831,347,351,255,1320,594,119,69,185,405,255,185,455,50,205,173,497,1127,63,1268
244,71965,304,600,225,1544,645,89,72,195,420,255,200,475,42,261,204,514,1612,64,1410
245,72005,380,335,317,1124,568,141,69,192,435,320,235,495,46,133,152,447,1304,52,1283
246,72051,-1,483,265,1306,611,103,69,175,295,225,175,360,35,220,150,720,1320,55,1320
247,72068,336,446,235,1306,610,90,69,169,375,255,180,425,35,203,232,523,1222,66,1424
248,77459,272,540,255,1421,652,80,74,235,400,265,195,460,38,210,114,499,1450,68,1190
249,78241,330,367,241,1230,601,118,70,175,300,240,185,355,35,225,200,506,1470,70,1050
250,79207,338,405,265,1386,637,106,74,205,365,265,205,435,52,140,98,472,1422,62,1192
251,79664,324,457,307,-1,594,112,68,226,715,444,323,726,42,165,90,482,932,72,1216
252,80097,363,426,225,1299,612,104,76,215,315,255,200,415,42,190,146,450,1388,58,1215
253,82939,255,542,195,1542,641,81,69,200,395,265,185,455,33,185,124,425,1284,100,1271
254,84296,306,495,261,1328,593,98,70,185,405,265,205,525,43,180,163,498,1560,70,1208
255,84783,295,579,215,1541,666,80,71,215,375,265,200,545,42,239,233,599,1530,59,1262
256,88946,335,427,236,1198,605,1,66,160,315,240,190,385,48,217,183,494,1646,62,1164
257,91497,298,470,205,1544,604,82,68,160,305,225,160,395,30,288,221,575,1442,47,1191
258,92912,356,395,267,1204,597,115,78,215,380,295,225,485,55,158,110,446,1266,58,1216
259,93719,295,451,245,1199,596,110,69,190,345,245,200,415,12,297,148,603,1693,84,1453
260,95883,352,398,230,1267,608,110,73,185,315,260,230,365,25,232,139,536,1166,60,1251
261,96028,306,492,265,1237,604,119,69,181,415,275,215,445,43,171,106,554,1883,79,1398
262,96065,334,436,285,1313,595,101,71,209,385,335,255,505,21,245,87,532,1206,60,1380
263,96339,306,437,232,1343,599,99,67,161,308,253,209,440,45,261,254,616,1669,85,1599
264,98102,361,387,318,-1,594,128,70,210,525,335,275,625,40,138,97,525,1256,63,1365
265,98711,264,658,226,1548,615,92,70,205,425,285,235,565,42,236,98,552,1176,66,1397
266,98737,356,392,261,1230,576,126,69,172,345,255,200,473,54,160,127,446,1276,66,1240
267,99303,370,329,305,1076,553,126,68,190,400,302,255,500,55,156,117,522,1295,64,1320
268,99852,288,400,265,1446,596,99,68,215,410,275,220,465,40,182,146,614,1460,70,1652
269,100941,337,458,255,1538,657,-1,73,200,335,255,213,435,25,277,139,507,1277,58,1140
270,102064,323,422,249,1311,636,102,72,207,305,245,190,425,27,194,190,499,1744,65,1312
271,102178,284,518,185,1313,614,95,70,165,245,195,155,335,43,285,445,484,1147,63,1229
272,102256,370,345,237,1117,601,-1,66,157,385,245,195,505,73,137,118,462,906,69,1262
273,102993,301,669,210,1544,615,93,72,205,325,265,205,365,35,224,168,586,1490,66,1661
274,103737,336,393,237,1273,603,110,69,168,290,225,165,395,21,275,175,572,1384,77,1300
275,104382,291,419,269,1341,594,100,69,190,485,275,205,500,38,158,172,576,1439,79,1456
276,104910,340,389,237,1319,674,104,73,200,350,235,185,400,25,384,182,695,1548,64,1244
277,105116,357,387,237,1184,602,114,70,183,350,265,210,475,56,151,130,402,1020,54,1020
278,105216,346,405,245,1205,603,122,67,185,315,235,200,405,40,144,229,618,1614,75,1404
279,105934,259,577,257,1544,637,89,70,195,345,225,160,395,25,345,190,516,2317,79,1323
280,106491,226,578,276,1496,604,102,69,198,396,268,220,462,39,171,174,546,1650,71,1346
281,107123,-1,313,278,-1,566,-1,70,194,341,253,209,458,44,166,124,489,1155,60,1172
282,107412,340,404,246,1308,605,105,69,181,308,216,169,398,44,204,199,572,1579,63,1212
283,108827,294,513,243,1378,638,90,76,212,308,231,165,400,22,437,226,757,1658,76,1702
284,108971,338,376,238,1261,-1,-1,68,175,315,215,155,375,50,138,138,419,1128,64,1399
285,110659,278,485,196,1315,614,98,67,145,275,215,160,315,31,221,240,689,1781,76,1667
286,110883,251,650,185,1548,672,77,70,220,365,245,195,365,13,370,139,474,1780,94,1950
287,111613,335,452,230,1275,607,101,72,185,355,255,195,425,22,224,202,642,1471,72,1269
288,112065,350,468,269,1305,603,97,73,185,355,285,200,425,41,195,147,588,1530,67,1177
289,112130,340,362,245,1300,-1,-1,70,198,385,286,220,462,46,155,102,544,982,56,1094
290,112627,355,370,280,1191,599,119,72,189,425,300,250,455,37,207,97,477,1177,63,1353
291,112816,360,384,241,1166,589,115,67,166,345,255,215,450,36,160,147,481,1420,69,1239
292,113698,363,376,235,1235,593,114,71,190,405,285,235,445,50,136,99,480,1031,62,1305
293,113902,324,387,235,1313,605,113,67,172,365,250,200,450,40,167,131,530,1315,64,1320
294,114032,314,380,217,1409,594,115,64,160,335,210,145,470,40,208,272,481,1427,55,1116
295,114073,322,471,225,1315,605,93,70,195,360,260,205,410,26,217,141,509,1441,72,1455
296,114260,240,557,235,1424,618,71,73,195,290,240,205,405,33,465,242,790,1786,54,1350
297,115623,311,421,250,1481,614,100,70,185,365,245,185,365,60,179,189,529,1100,60,1080
298,116663,290,567,365,1315,564,111,67,245,600,385,285,700,35,203,118,593,1367,98,1493
299,116883,298,513,225,1311,599,-1,73,185,305,245,185,425,53,255,245,658,1306,56,1200
300,118206,363,361,267,1248,596,115,69,175,365,275,225,430,35,168,131,547,1422,67,1200
301,118510,296,498,215,1381,622,93,72,187,297,209,171,370,35,322,352,663,1767,88,1384
302,119829,257,596,235,1548,674,52,66,180,385,255,209,485,21,270,151,631,1412,129,1333
303,122270,381,357,277,1308,580,134,71,208,385,315,260,480,40,159,98,515,896,76,1465
304,123385,384,346,254,1198,684,116,69,194,363,264,220,451,45,190,135,482,1085,57,1155
305,124169,299,515,262,1381,635,107,70,215,435,295,240,430,25,307,147,588,1632,73,1497
306,124881,260,617,176,1540,646,68,69,176,264,187,143,403,15,596,210,568,1800,80,1502
307,126410,392,434,275,1291,586,100,74,205,418,299,235,528,30,303,117,528,1389,58,1290
308,128178,296,506,255,1548,613,88,71,195,375,265,195,435,27,296,147,689,2518,78,1496
309,128316,334,507,232,1370,611,103,69,170,315,215,155,415,21,273,160,618,1540,66,1236
310,130502,389,359,292,1078,568,150,69,190,450,300,231,550,40,150,75,521,1509,66,1434
311,132393,243,603,165,1548,617,78,71,180,275,195,155,365,39,387,251,637,1651,70,1408
312,132810,302,554,260,1496,599,100,74,214,330,253,198,451,31,268,112,575,1815,67,1335
313,135589,303,500,250,1350,603,102,71,185,325,245,190,425,37,212,125,499,1314,68,1410
314,135720,325,457,259,1307,593,98,74,214,341,253,220,506,26,286,158,596,1503,79,1398
315,136104,336,378,235,1201,593,125,65,143,325,240,185,415,72,155,120,468,1127,61,1327
316,136288,284,449,210,1308,612,97,70,165,335,185,145,410,47,284,229,534,1353,66,1312
317,136918,352,406,227,1230,643,102,70,173,305,240,187,365,25,211,125,448,1154,54,1160
318,137841,271,460,230,1315,614,83,74,187,330,230,170,400,30,377,257,439,1735,62,1438
319,138612,256,514,245,1316,635,89,70,170,335,265,220,400,26,336,166,570,1546,65,1372
320,141432,256,569,205,1323,644,87,67,185,315,205,155,375,32,259,351,520,1344,67,1279
321,142319,335,500,248,1430,617,104,74,215,375,275,215,425,52,170,119,504,1213,70,1290
322,143549,323,465,250,1200,596,124,65,150,370,235,185,440,92,141,158,537,1240,62,1160
323,143814,335,490,215,1548,594,82,63,145,365,225,165,475,17,193,157,499,1560,74,1308
324,144171,321,461,230,1308,594,98,73,185,301,252,195,425,36,250,160,564,1395,58,1357
325,145779,288,452,186,1315,614,92,67,155,315,225,165,385,50,215,195,453,1233,58,1255
326,149404,351,447,310,1387,613,122,70,205,385,285,225,425,50,158,113,598,1569,85,1660
327,150336,326,488,217,1258,615,95,74,176,260,185,165,315,52,222,178,561,1322,70,1200
328,153742,294,484,251,1538,611,100,70,182,365,245,195,455,31,267,159,546,1297,76,1382
329,154681,330,389,265,1132,622,113,69,185,335,245,185,396,30,170,166,585,1311,64,1711
330,156811,270,460,225,1316,619,95,66,163,330,225,175,395,25,226,210,595,2100,63,1500
331,158452,338,489,260,1385,620,97,73,205,370,245,185,485,40,340,156,614,1327,71,1355
332,159558,305,411,215,1109,615,101,68,155,310,220,165,340,40,263,288,578,1410,75,1260
333,161133,277,462,222,1417,612,98,72,175,275,225,155,375,31,270,178,507,1308,70,1204
334,161269,360,366,275,1107,605,126,70,180,375,235,175,355,40,158,135,445,1176,60,1320
335,168610,422,292,276,1082,554,152,70,209,440,278,222,484,30,196,110,480,1360,69,1240
336,169827,283,453,215,1547,622,84,68,188,305,225,165,405,40,281,221,520,1485,75,1245
337,170393,249,673,167,1548,676,69,71,190,300,212,155,370,10,330,200,713,2275,84,1725
338,170461,303,515,195,1412,614,86,69,165,265,225,165,395,32,187,179,537,1290,78,1358
339,170731,362,392,257,1250,624,106,74,200,355,235,190,435,40,219,151,495,1680,60,1155
340,172875,337,461,240,1310,606,102,72,185,335,235,175,415,30,225,139,638,1540,95,1260
341,173066,344,447,233,1308,611,83,75,200,305,235,215,365,25,225,139,580,1289,72,1395
342,175023,322,455,216,1351,605,107,73,184,325,225,165,465,30,261,144,560,1697,76,1667
343,175362,288,416,235,1547,607,102,68,155,350,220,160,415,25,201,229,468,1815,78,1281
344,175612,377,424,295,1187,586,113,72,225,500,305,240,535,55,179,111,503,1164,55,1192
345,178052,351,331,208,1363,606,126,65,163,320,215,160,354,18,149,148,471,1364,68,1256
346,179103,353,359,270,1079,560,129,72,185,335,265,195,415,69,174,151,452,1125,61,1140
347,179308,227,709,185,1608,684,67,72,264,495,285,205,555,15,479,127,904,2458,62,1625
348,182631,399,357,295,1204,579,114,69,170,420,295,240,440,42,194,141,575,1301,62,1278
349,185216,228,590,225,-1,647,80,69,208,305,225,165,420,20,355,208,565,1558,72,1199
350,185926,328,469,225,1547,623,102,75,215,300,215,165,405,21,258,236,809,1575,80,1337
351,188677,384,447,316,1300,566,118,76,215,440,320,225,585,41,165,145,525,1740,58,1200
352,190322,330,489,211,1544,615,90,72,198,297,191,154,407,30,270,245,690,1320,65,1041
353,190364,292,527,245,1315,639,94,71,179,315,265,190,405,30,233,215,558,1221,71,1268
354,190858,325,346,251,1235,594,113,70,187,385,245,180,465,34,184,108,505,1215,54,1280
355,191004,341,478,245,1308,616,95,71,190,405,255,200,475,50,159,99,501,1546,59,1393
356,194970,307,514,225,1307,617,101,69,180,305,225,185,510,42,242,179,530,1400,73,1165
357,197022,298,537,235,1547,617,69,70,225,300,245,200,425,30,510,180,871,2487,66,1500
358,201020,265,564,240,1548,647,83,69,220,335,225,185,435,8,367,219,1138,2349,95,1681
359,202371,298,504,245,1400,622,86,72,201,340,260,215,450,31,289,125,606,1963,64,1421
360,208605,346,376,307,1326,576,121,69,235,481,296,226,561,34,155,120,467,1224,81,1344
361,210473,314,532,190,1311,611,105,72,165,250,195,155,385,45,240,300,600,1260,65,1140
362,214125,398,327,277,1305,570,119,70,195,425,325,255,545,45,156,115,518,1154,58,1155
363,215118,372,397,302,1190,594,125,74,200,400,265,205,510,40,151,117,465,1377,68,1180
364,216810,373,334,235,1170,614,131,64,145,305,210,175,385,54,173,152,491,1095,69,1219
365,227272,291,434,231,1277,603,90,69,191,376,264,220,462,40,214,119,587,1204,61,1306
366,232699,243,605,206,1544,668,64,74,216,295,230,160,471,30,456,297,686,2230,73,1500
367,234306,297,514,245,1539,617,82,72,203,315,250,210,435,17,325,155,632,2729,84,1632
368,234360,257,655,220,1539,624,77,71,198,330,224,180,418,40,255,228,581,1725,84,1427
369,237934,363,379,225,1316,636,98,71,190,315,215,175,385,18,346,192,541,1402,70,1161
370,237949,260,634,245,1548,-1,-1,75,218,395,276,200,485,11,293,139,802,2217,104,1591
371,239783,300,292,235,1110,599,126,65,153,340,265,220,385,64,127,136,449,1056,77,1394
372,239786,311,496,227,1548,642,88,72,210,355,245,195,485,32,215,313,573,1459,81,1270
373,240145,311,600,265,1542,621,101,69,185,375,265,205,455,23,254,135,585,2355,88,1500
374,240339,324,440,256,1335,637,107,67,190,418,264,176,528,56,174,182,466,1181,62,1095
375,240817,274,596,187,1548,622,83,67,158,275,195,155,405,40,277,201,653,1871,80,1440
376,241391,360,376,246,1306,594,98,71,175,305,245,176,415,40,238,254,513,1263,64,1272
377,241862,326,435,197,1346,622,96,72,180,315,230,185,417,45,227,205,480,1504,64,1602
378,242423,281,457,238,1313,621,101,71,189,375,225,175,405,32,146,204,513,1337,54,1350
379,242480,328,372,265,1227,603,112,70,170,365,245,185,425,24,182,166,534,1171,58,1171
380,242559,342,417,270,1285,609,105,72,202,400,285,200,385,40,186,118,506,1405,73,1448
381,243446,338,415,237,1217,594,121,72,190,325,255,200,375,53,168,145,485,1366,65,1198
382,245977,320,472,265,-1,-1,-1,74,228,415,265,215,460,40,160,100,491,1269,60,1440
383,246455,282,623,207,1548,667,71,71,205,285,225,175,345,17,467,216,774,1903,93,1860
384,247271,383,436,292,1239,589,102,73,210,423,302,235,515,40,189,162,494,1352,59,1127
385,247849,308,475,275,1346,684,93,75,220,352,242,198,205,42,267,162,464,1299,63,1140
386,248843,370,315,322,1093,551,123,67,171,450,325,260,515,60,139,94,469,1234,61,1310
387,250651,383,398,306,-1,593,-1,71,223,485,315,235,555,35,160,78,515,1394,62,1335
388,252991,352,348,250,1307,594,113,71,182,305,235,175,375,22,216,174,542,1216,70,1328
389,253813,370,350,277,1124,563,138,69,180,400,308,260,520,68,139,112,437,1073,53,1189
390,254097,321,443,190,1538,614,89,66,165,253,205,161,335,36,307,216,535,1285,73,1279
391,254219,302,459,255,1308,610,-1,69,177,300,265,195,405,40,213,150,540,1440,75,1320
392,256491,288,502,247,1547,676,88,75,225,300,265,185,325,20,360,282,635,2110,72,1532
393,256514,269,589,277,1548,647,79,74,230,410,265,195,535,20,331,155,733,2045,82,1476
394,256874,322,413,261,1391,601,107,72,212,440,319,231,561,33,204,115,529,1339,70,1326
395,258248,373,328,245,1178,603,125,71,176,341,245,205,352,50,150,150,488,1405,60,1200
396,258573,388,332,288,1098,569,160,70,193,415,285,225,455,40,165,99,499,1152,62,1425
397,259585,353,420,277,1308,617,118,76,230,355,275,210,405,30,293,124,548,1313,73,1206
398,259682,313,458,295,1295,587,115,70,205,455,285,205,515,30,166,140,551,1165,70,1292
399,259771,328,413,233,1339,595,109,68,182,340,255,199,435,35,225,148,598,1747,73,1459
400,260982,320,418,215,1314,614,99,70,161,308,205,158,367,42,236,220,530,1170,64,1187
401,265064,412,304,297,1073,569,147,71,212,405,295,240,475,51,141,67,435,1130,60,1186
402,265273,410,341,243,1149,573,130,71,180,325,235,195,425,50,175,137,481,1122,90,1160
403,266179,329,519,255,1357,594,105,70,192,370,265,210,510,30,275,143,565,1397,79,1410
404,267761,227,642,225,1548,684,58,73,250,415,225,165,502,12,281,232,689,1762,72,1312
405,271353,281,472,215,1357,606,96,65,175,385,245,200,475,41,249,206,877,1896,62,1602
406,273334,282,467,198,1349,615,91,65,154,275,202,158,348,40,318,212,588,1619,58,1230
407,273999,363,476,242,1226,647,94,71,184,352,242,176,429,52,209,160,475,1183,54,1190
408,276676,353,418,245,1306,589,111,71,198,341,260,220,396,35,227,144,539,1821,98,1338
409,277609,366,311,227,1222,567,132,66,159,335,255,190,485,53,179,144,478,1547,59,1226
410,278757,231,654,215,1548,624,83,68,178,295,230,171,353,39,302,217,688,1837,64,1265
411,278784,386,272,272,1077,558,129,67,170,407,290,235,440,64,137,142,495,1060,59,1209
412,279132,229,686,180,1548,682,-1,72,210,305,190,130,365,20,454,392,610,1991,78,1394
413,282422,224,612,185,1548,678,86,68,175,340,200,148,420,35,309,317,534,1416,73,1182
414,283362,295,477,247,1668,704,60,68,180,365,285,240,405,35,193,164,615,1879,72,1485
415,283894,384,374,261,1311,600,116,71,208,360,255,205,455,30,201,116,534,1222,75,1326
416,284760,337,393,249,1203,600,118,67,157,315,225,165,385,35,315,176,540,1620,90,1470
417,289976,327,465,275,1315,620,89,69,200,375,250,185,405,30,289,211,711,1740,85,1515
418,292529,283,605,235,1394,643,89,71,205,365,255,195,455,10,259,150,591,1550,64,1401
419,298558,275,578,197,1548,618,87,70,180,290,218,165,365,35,313,265,594,1658,68,1401
420,300883,306,457,257,1311,592,102,72,202,375,265,210,525,50,163,147,548,1530,54,1206
421,302852,342,393,252,1299,598,106,67,163,315,245,185,400,44,314,178,475,1294,65,1200
422,303241,226,663,209,1539,614,-1,67,176,396,242,187,396,39,222,222,497,1496,75,1590
423,317649,305,419,225,1547,617,100,74,200,320,215,155,425,36,346,153,534,1241,71,1213
424,317927,320,480,263,1314,594,106,71,195,330,255,210,435,25,394,165,667,1572,65,1320
425,325664,306,430,265,1307,621,95,69,165,365,230,165,455,37,208,204,634,1808,74,1565
426,325933,375,353,220,1189,615,108,71,172,301,205,190,335,61,172,159,419,1046,59,1211
427,332367,339,390,235,1307,610,109,70,180,310,230,175,355,50,285,181,508,1143,70,1142
428,332729,320,424,242,1346,594,103,67,185,365,235,200,410,50,187,215,477,1460,62,1435
429,334064,226,652,135,1548,684,65,68,185,275,185,135,365,34,405,540,480,1500,70,1440
430,336757,306,423,250,1340,597,105,68,179,325,260,200,460,35,238,152,560,1541,75,1352
431,337638,291,535,225,1366,605,92,68,196,390,240,187,460,30,299,292,660,2385,93,1485
432,338345,345,392,245,1313,613,110,69,209,430,250,185,520,21,299,143,585,1458,81,1221
433,348134,274,620,275,1547,-1,81,74,250,435,300,245,525,22,325,296,615,2147,70,1633
434,355154,323,377,231,1284,624,102,70,163,297,220,158,418,31,457,433,671,2130,77,1377
435,372305,242,604,220,1548,642,81,72,195,310,215,145,395,15,391,249,806,1740,77,1285
436,379392,296,545,230,1548,-1,-1,74,179,335,235,175,435,25,254,164,553,1680,58,1164
437,386135,291,537,235,1545,641,90,71,205,355,275,215,460,32,253,164,536,1956,73,1293
438,391024,387,340,217,1193,612,106,73,185,300,215,145,375,23,337,186,579,1157,60,1177
439,395596,309,492,245,1399,640,102,73,195,325,215,175,375,26,336,210,630,1830,63,1410
440,396150,321,456,237,1315,634,103,74,210,365,240,165,435,19,296,144,677,1737,77,1381
441,410098,288,673,185,1319,643,68,71,155,245,185,115,325,15,600,600,600,2400,90,1380
442,411410,233,580,205,1544,634,78,71,185,295,235,175,365,25,368,311,886,2124,56,1178
443,412551,278,439,234,1542,620,73,72,179,312,253,202,396,34,259,183,503,1569,61,1377
444,413402,364,395,227,1276,594,122,70,170,305,245,210,415,41,181,143,583,1411,63,1269
445,421489,328,513,222,1331,607,90,72,185,335,240,190,445,30,272,150,538,1401,65,1370
446,428068,323,508,217,1548,610,71,70,185,300,205,162,355,16,526,279,603,2480,82,1467
447,428642,324,336,220,1308,604,108,66,165,312,231,165,396,50,160,180,450,1220,100,1190
448,429208,318,571,197,1420,636,89,74,181,275,198,154,352,50,271,328,543,1780,65,1500
449,430732,303,560,255,1315,610,98,66,173,320,215,190,420,33,238,197,480,1436,75,1221
450,443282,263,517,205,1547,608,69,66,154,242,198,145,352,30,438,267,599,1708,69,1458
451,449114,326,490,255,1314,607,93,73,215,375,250,215,455,33,286,147,628,1762,78,1458
452,458674,283,469,178,1423,637,94,66,158,265,195,145,335,21,245,204,618,1461,91,1200
453,461814,287,413,267,1542,597,97,70,205,380,265,215,510,20,331,200,597,1469,90,1197
454,464294,347,454,247,1241,634,97,73,187,305,255,180,415,28,277,179,516,1424,84,1504
455,464740,261,528,240,1365,619,86,70,190,375,245,165,425,21,522,414,894,1631,80,1914
456,464783,307,476,176,1547,639,90,72,194,304,231,187,352,25,342,204,640,2290,72,1439
457,467774,308,490,227,1548,679,96,76,235,340,225,155,360,25,210,127,577,1563,67,1321
458,467892,370,337,275,1197,594,124,70,190,385,270,207,600,45,187,117,431,1345,40,1260
459,468457,271,485,276,1207,623,82,71,176,330,266,200,396,34,305,174,681,1811,63,1300
460,469537,334,407,295,1308,589,111,71,210,375,315,235,500,27,188,105,466,1303,68,1294
461,473048,316,474,209,1414,608,100,70,172,319,220,147,442,37,200,236,521,1272,59,1222
462,474048,269,606,230,1539,636,95,69,200,385,245,195,503,31,208,176,600,1748,76,1600
463,474531,288,439,230,1475,619,91,70,180,345,245,195,500,24,273,152,648,1790,86,1556
464,478271,257,703,187,1543,604,86,70,200,352,235,190,425,34,294,199,566,1414,96,1729
465,481823,288,515,240,1379,596,82,68,185,300,215,165,420,26,311,228,548,1352,68,1526
466,503903,329,454,231,1548,618,85,73,205,385,220,165,451,16,261,185,578,1262,63,1238
467,509683,326,366,235,1377,595,110,69,175,305,245,195,390,45,275,185,533,1350,67,1337
468,510134,313,457,220,1286,614,97,70,160,275,220,180,330,30,332,202,546,1130,67,1543
469,511412,263,527,215,1548,640,82,72,203,315,235,165,405,21,307,144,621,1368,91,1333
470,513146,406,299,300,1082,594,147,71,205,455,305,240,560,46,138,113,461,1133,59,1050
471,513810,325,452,235,1304,605,102,68,194,334,231,183,418,24,240,135,590,1380,65,1330
472,517493,341,411,216,1195,621,104,67,152,300,215,165,340,30,258,336,509,1486,65,1196
473,518554,318,359,225,1192,588,124,69,176,415,275,195,515,43,158,112,468,1295,61,1400
474,519766,289,536,267,1426,642,-1,73,225,445,290,225,525,44,247,124,663,1326,59,1177
475,520435,315,468,220,1537,640,92,75,203,297,198,154,407,35,297,235,507,1455,80,1170
476,529744,309,493,215,1547,601,102,70,170,308,231,165,418,23,294,342,615,1780,65,1297
477,535071,262,575,205,1416,613,90,69,178,338,225,165,385,40,220,248,524,1694,60,1380
478,545781,361,440,255,1307,684,118,71,201,470,265,205,510,40,187,143,555,1338,64,1453
479,546782,297,598,245,1548,640,90,77,208,355,255,185,470,31,243,140,494,1142,61,1208
480,547085,226,576,187,1537,631,69,70,165,264,198,150,330,20,403,255,609,1777,81,1436
481,549326,354,387,255,1307,600,124,74,195,335,240,195,415,30,219,124,529,1558,66,1205
482,553329,304,544,245,1274,584,113,71,192,360,290,225,480,54,158,95,466,1072,71,1277
483,558738,343,395,242,1315,644,97,77,215,341,242,178,396,25,295,210,570,1470,60,1350
484,565129,333,410,242,1390,645,113,71,187,355,260,190,462,25,235,133,615,1654,74,1572
485,622422,294,561,255,-1,611,100,71,189,365,235,165,465,50,296,245,608,878,65,1253
486,658554,258,560,213,1539,634,80,74,185,286,213,169,352,30,353,352,782,1829,77,1573
487,665812,306,409,288,1209,591,123,72,209,396,275,209,506,35,195,108,500,1580,52,1133
488,671575,242,523,205,1548,624,82,74,202,315,210,155,435,27,319,267,578,1585,64,1298
489,678723,243,566,176,1547,637,75,70,172,245,205,130,330,28,403,328,619,1733,74,1380
490,682487,359,431,298,1548,643,104,73,222,430,275,215,475,37,205,101,567,1267,67,1350
491,686958,284,461,205,1315,613,80,66,150,300,195,145,337,25,428,251,600,1537,90,1296
492,692033,276,539,207,1548,612,78,73,215,315,235,175,395,15,390,460,656,2698,120,1554
493,704208,374,407,300,1536,622,101,75,235,455,275,245,525,27,299,137,676,1593,69,1439
494,706259,259,496,220,-1,-1,80,74,198,330,176,154,396,10,340,160,580,832,95,1210
495,724020,224,605,165,1549,653,69,67,170,280,175,135,325,16,461,270,743,1751,91,1575
496,724923,297,485,198,1353,636,106,68,170,325,215,175,425,42,205,141,556,1963,79,1441
497,733406,359,348,247,1204,594,104,68,170,325,205,170,405,30,265,223,581,1123,63,1275
498,735252,231,674,185,1548,654,68,69,180,315,185,155,365,7,566,333,624,2308,72,1440
499,746966,330,430,209,1305,596,93,69,177,297,198,143,396,42,272,220,525,1102,65,1074
500,750645,262,558,225,1548,-1,-1,66,200,345,230,165,430,31,279,130,697,1617,68,1535
501,759578,370,338,244,1204,578,129,69,183,367,242,198,451,37,167,158,522,1621,68,1323
502,775067,303,518,185,1540,616,100,66,145,285,225,155,345,27,214,200,586,1579,70,1390
503,789582,302,432,205,1419,604,81,68,185,300,225,185,405,30,288,167,654,1862,73,1372
504,803424,304,577,176,1543,623,89,72,190,286,176,110,352,23,318,270,620,1642,65,1277
505,835111,296,622,225,1384,624,90,71,200,295,225,175,385,40,271,213,541,1957,69,1347
506,901317,271,513,190,1543,621,93,70,170,295,210,165,345,33,308,247,797,1468,63,1564
507,906114,300,516,236,1540,595,108,71,180,355,265,195,425,42,197,162,611,1295,71,1437
508,918639,274,445,209,1542,600,88,65,152,374,264,154,506,40,167,348,506,1047,68,1155
509,956598,320,388,227,1416,584,105,66,195,375,230,167,425,40,323,347,529,1236,65,1215
510,971888,274,554,205,1541,651,75,72,200,255,225,145,345,21,387,279,602,1926,68,1208
511,1081677,294,500,207,1668,648,-1,74,185,285,190,115,400,20,390,252,603,1950,90,1260
512,1238643,274,597,187,1552,664,94,2,175,297,202,136,323,45,242,250,419,1482,55,1094
513,1259410,291,476,245,1538,601,101,71,170,330,230,185,415,21,254,178,530,1186,56,1260
